stationCode,stationName,stationEName,name,ename,stationAddrTw,stationAddrEn,stationTel,gps,haveBike
0900,基隆,Keelung,基隆,Keelung,基隆市中山區民治里1鄰中山一路16之 1號,"No. 16-1, Zhongshan 1st Rd, Zhongshan Dist., Keelung City",02-24263743,25.13411 121.73997,Y
0910,三坑,Sankeng,三坑,Sankeng,基隆市仁愛區德厚里龍安街 206 號,"No. 206, Long’an St., Ren`ai Dist., Keelung City",02-24230289,25.12305 121.74202,Y
0920,八堵,Badu,八堵,Badu,基隆市暖暖區八南里八堵路 142 號,"No. 142, Badu Rd., Nuannuan Dist., Keelung City",02-24560841,25.10843 121.72898,Y
0930,七堵,Qidu,七堵,Qidu,基隆市七堵區長興里東新街 2 號,"No. 2, Dongxin St., Qidu Dist., Keelung City",02-24553426,25.09294 121.71415,Y
0940,百福,Baifu,百福,Baifu,基隆市七堵區堵南里明德三路 1 之 1 號,"No. 1-1, Mingde 3rd Rd., Qidu Dist., Keelung City",02-24528372,25.07803 121.69373,N
0950,五堵,Wudu,五堵,Wudu,新北市汐止區長安里長安路 17 號,"No. 17, Chang’an Rd., Xizhi Dist., New Taipei City",02-86476200,25.07784 121.66764,Y
0960,汐止,Xizhi,汐止,Xizhi,新北市汐止區信望里信義路 1 號,"No. 1, Xinyi Rd., Xizhi Dist., New Taipei City",02-26415096,25.06894 121.66244,Y
0970,汐科,Xike,汐科,Xike,新北市汐止區大同里大同路二段 182 號,"No. 182, Sec. 2, Datong Rd., Xizhi Dist., New Taipei City",02-26499817#8730,25.06261 121.64659,N
0980,南港,Nangang,南港,Nangang,臺北市南港區南港里南港路一段 313 號,"No. 313, Sec. 1, Nangang Rd., Nangang Dist., Taipei City",02-27838645,25.05348 121.60706,Y
0990,松山,Songshan,松山,Songshan,臺北市信義區永吉里松山路 11 號B1,"No. 11, Songshan Rd., Xinyi Dist., Taipei City",02-27673819,25.04936 121.57807,Y
1000,臺北,Taipei,臺北,Taipei,臺北市中正區黎明里北平西路 3 號,"No. 3, Beiping W. Rd., Zhongzheng Dist., Taipei City",02-23713558,25.04771 121.51784,N
1001,臺北-環島,Taipei Surround Island,臺北-環島,Taipei Surround Island,臺北市中正區,", Zhongzheng Dist., Taipei City",,25.04811 121.51793,N
1010,萬華,Wanhua,萬華,Wanhua,臺北市萬華區富福里康定路 382 號,"No. 382, Kangding Rd., Wanhua Dist., Taipei City",02-23020481,25.03348 121.49984,Y
1020,板橋,Banqiao,板橋,Banqiao,新北市板橋區新民里縣民大道二段 7 號　,"No. 7, Sec. 2, Xianmin Blvd., Banqiao Dist., New Taipei City",02-89691036,25.01404 121.46403,Y
1030,浮洲,Fuzhou,浮洲,Fuzhou,新北市板橋區僑中里僑中二街 156 號,"No. 156, Qiaozhong 2nd St., Banqiao Dist., New Taipei City",02-23815226#4665,25.00419 121.44477,N
1040,樹林,Shulin,樹林,Shulin,新北市樹林區樹北里鎮前街 112 號,"No. 112, Zhenqian St., Shulin Dist., New Taipei City",02-26812052,24.99121 121.42481,Y
1050,南樹林,South Shulin,南樹林,South Shulin,新北市樹林區東山里中山路二段 230 號,"No. 230, Sec. 2, Zhongshan Rd., Shulin Dist., New Taipei City",02-26812052,24.98034 121.40891,N
1060,山佳,Shanjia,山佳,Shanjia,新北市樹林區中山里山佳街 28 號,"No. 28, Shanjia St., Shulin Dist., New Taipei City",02-26808874,24.97233 121.39273,N
1070,鶯歌,Yingge,鶯歌,Yingge,新北市鶯歌區東鶯里文化路 68-1號,"No. 68-1, Wenhua Rd., Yingge Dist., New Taipei City",02-26792004,24.95432 121.35535,Y
1080,桃園,Taoyuan,桃園,Taoyuan,桃園市桃園區武陵里中正路 1 號,"No. 1, Zhongzheng Rd., Taoyuan Dist., Taoyuan City",03-3767050,24.98941 121.31399,Y
1090,內壢,Neili,內壢,Neili,桃園市中壢區中原里中華路一段 267 號,"No. 267, Sec. 1, Zhonghua Rd., Zhongli Dist., Taoyuan City",03-4559725,24.97287 121.25814,N
1100,中壢,Zhongli_Taoyuan,中壢,Zhongli_Taoyuan,桃園市中壢區石頭里中和路 139 號,"No. 139, Zhonghe Rd., Zhongli Dist., Taoyuan City",03-4223235,24.95382 121.22571,Y
1110,埔心,Puxin,埔心,Puxin,桃園市楊梅區埔心里永美路 208 號,"No. 208, Yongmei Rd., Yangmei Dist., Taoyuan City",03-4827100,24.91945 121.18366,Y
1120,楊梅,Yangmei,楊梅,Yangmei,桃園市楊梅區楊梅里大成路 256 號,"No. 256, Dacheng Rd., Yangmei Dist., Taoyuan City",03-4782893,24.91391 121.14634,Y
1130,富岡,Fugang,富岡,Fugang,桃園市楊梅區富岡里成功路 37 號,"No. 37, Chenggong Rd., Yangmei Dist., Taoyuan City",03-4723754,24.93462 121.08313,Y
1140,新富,Xinfu,新富,Xinfu,桃園市楊梅區富豐里富全街 1 號,"No. 1, Fuquan St., Yangmei Dist., Taoyuan City",03-4723754,24.93107 121.06759,N
1150,北湖,Beihu,北湖,Beihu,新竹縣湖口鄉東興村北湖路 1 號,"No. 1, Beihu Rd., Hukou Township, Hsinchu County",03-5993850,24.92191 121.05586,Y
1160,湖口,Hukou,湖口,Hukou,新竹縣湖口鄉仁勢村中山路二段 121 號,"No. 121, Sec. 2, Zhongshan Rd., Hukou Township, Hsinchu County",03-5992192,24.90292 121.04412,Y
1170,新豐,Xinfeng,新豐,Xinfeng,新竹縣新豐鄉山崎村新興路 202 號,"No. 202, Xinxing Rd., Xinfeng Township, Hsinchu County",03-5596314,24.86961 120.99654,Y
1180,竹北,Zhubei,竹北,Zhubei,新竹縣竹北市竹義里和平街 59 號,"No. 59, Heping St., Zhubei City, Hsinchu County",03-5552024,24.83892 121.00936,Y
1190,北新竹,North Hsinchu,北新竹,North Hsinchu,新竹市 東區東園里中華路一段 291 之 2 號,"No. 291-2, Sec. 1, Zhonghua Rd.,  , Hsinchu City",03-5237441,24.80876 120.98385,N
1191,千甲,Qianjia,千甲,Qianjia,新竹市 東區水源里千甲路 142 號,"No. 142, Qianjia Rd.,  , Hsinchu City",03-5237441,24.80669 121.00301,N
1192,新莊,Xinzhuang,新莊,Xinzhuang,新竹市 東區新莊里關東路 310 號,"No. 310, Guandong Rd.,  , Hsinchu City",03-5237441,24.78819 121.02182,N
1193,竹中,Zhuzhong,竹中,Zhuzhong,新竹縣竹東鎮頭重里竹中路 145 號,"No. 145, Zhuzhong Rd., Zhudong Township, Hsinchu County",03-5962042,24.78125 121.03117,N
1194,六家,Liujia,六家,Liujia,新竹縣竹北市隘口里復興三路二段 229 號,"No. 229, Sec. 2, Fuxing 3rd Rd., Zhubei City, Hsinchu County",03-5962042,24.80751 121.03921,N
1201,上員,Shangyuan,上員,Shangyuan,新竹縣竹東鎮上員里光明路 (無站房),"Guangming Rd. (No Station Building), Zhudong Township, Hsinchu County",03-5962042,24.77797 121.05554,N
1202,榮華,Ronghua,榮華,Ronghua,新竹縣竹東鎮仁愛里北興路 (無站房),"Beixing Rd. (No Station Building), Zhudong Township, Hsinchu County",03-5962042,24.74851 121.08296,N
1203,竹東,Zhudong,竹東,Zhudong,新竹縣竹東鎮雞林里東林路 196 號,"No. 196, Donglin Rd., Zhudong Township, Hsinchu County",03-5962042,24.73811 121.09465,N
1204,橫山,Hengshan,橫山,Hengshan,新竹縣橫山鄉橫山村橫山路 97 號 (無站房),"No. 97, Hengshan Rd. (No Station Building), Hengshan Township, Hsinchu County",03-5962042,24.72051 121.11657,N
1205,九讚頭,Jiuzantou,九讚頭,Jiuzantou,新竹縣橫山鄉大肚村中豐路二段 286 巷 29 號,"No. 29, Ln. 286, Sec. 2, Zhongfeng Rd., Hengshan Township, Hsinchu County",03-5962042,24.72068 121.13621,N
1206,合興,Hexing,合興,Hexing,新竹縣橫山鄉力行村中山街一段 17 號,"No. 17, Sec. 1, Zhongshan St., Hengshan Township, Hsinchu County",03-5962042,24.71649 121.15434,N
1207,富貴,Fugui,富貴,Fugui,新竹縣橫山鄉豐田村中山街一段 (無站房),"Sec. 1, Zhongshan St. (No Station Building), Hengshan Township, Hsinchu County",03-5962042,24.71553 121.16729,N
1208,內灣,Neiwan,內灣,Neiwan,新竹縣橫山鄉內灣村中正路 6 號,"No. 6, Zhongzheng Rd., Hengshan Township, Hsinchu County",03-5962042,24.70526 121.18247,N
1210,新竹,Hsinchu,新竹,Hsinchu,新竹市 東區榮光里中華路二段 445 號,"No. 445, Sec. 2, Zhonghua Rd.,  , Hsinchu City",03-5237441,24.80169 120.97156,Y
1220,三姓橋,Sanxingqiao,三姓橋,Sanxingqiao,新竹市 香山區香山里元培街 32 巷 30 號,"No. 30, Ln. 32, Yuanpei St.,  , Hsinchu City",03-5237441,24.78723 120.92838,Y
1230,香山,Xiangshan,香山,Xiangshan,新竹市 香山區朝山里中華路五段 347 巷 2 弄 27 號,"No. 27, Aly. 2, Ln. 347, Sec. 5, Zhonghua Rd.,  , Hsinchu City",03-5237441,24.76321 120.91391,Y
1240,崎頂,Qiding,崎頂,Qiding,苗栗縣竹南鎮崎頂里北戶 55 號,"No. 55, Beihu, Zhunan Township, Miaoli County",037-472030,24.72281 120.87213,N
1250,竹南,Zhunan,竹南,Zhunan,苗栗縣竹南鎮竹南里中山路 166 號,"No. 166, Zhongshan Rd., Zhunan Township, Miaoli County",037-472030,24.68663 120.88041,Y
2110,談文,Tanwen,談文,Tanwen,苗栗縣造橋鄉談文村仁愛路 29 號,"No. 29, Ren’ai Rd., Zaoqiao Township, Miaoli County",037-472030,24.65641 120.85825,N
2120,大山,Dashan,大山,Dashan,苗栗縣後龍鎮大山里明山路 180 號,"No. 180, Mingshan Rd., Houlong Township, Miaoli County",037-728616,24.64565 120.80376,N
2130,後龍,Houlong,後龍,Houlong,苗栗縣後龍鎮北龍里車站街 127-2 號,"No. 127, Chezhan St., Houlong Township, Miaoli County",037-728616,24.61621 120.78731,Y
2140,龍港,Longgang,龍港,Longgang,苗栗縣後龍鎮龍京里公司寮 85 號,"No. 85, Gongsiliao, Houlong Township, Miaoli County",037-728616,24.61169 120.75812,N
2150,白沙屯,Baishatun,白沙屯,Baishatun,苗栗縣通霄鎮白西里白西 131 號,"No. 131, Baixi, Tongxiao Township, Miaoli County",037-793066,24.56481 120.70824,Y
2160,新埔,Xinpu,新埔,Xinpu,苗栗縣通霄鎮新埔里新埔 57 號,"No. 57, Xinpu, Tongxiao Township, Miaoli County",037-793066,24.54018 120.69518,N
2170,通霄,Tongxiao,通霄,Tongxiao,苗栗縣通霄鎮通西里中正路 109 號,"No. 109, Zhongzhen Rd., Tongxiao Township, Miaoli County",037-758300,24.49141 120.67843,Y
2180,苑裡,Yuanli,苑裡,Yuanli,苗栗縣苑裡鎮苑北里中山路 165 號,"No. 165, Zhongshan Rd., Yuanli Township, Miaoli County",037-851013,24.44344 120.65146,Y
2190,日南,Rinan,日南,Rinan,臺中市大甲區孟春里中山路二段 140 巷 8 號,"No. 8, Ln. 140, Sec. 2, Zhongshan Rd., Dajia Dist., Taichung City",04-26816113,24.37805 120.65412,Y
2200,大甲,Dajia,大甲,Dajia,臺中市大甲區大甲里中山路一段 828 號,"No. 828, Sec. 1, Zhongshan Rd., Dajia Dist., Taichung City",04-26872022,24.34448 120.62702,Y
2210,臺中港,Taichung Port,臺中港,Taichung Port,臺中市清水區頂湳里甲南路 2 號,"No. 2, Jianan Rd., Qingshui Dist., Taichung City",04-26225374,24.30441 120.60231,N
2220,清水,Qingshui,清水,Qingshui,臺中市清水區南社里中正街 115 號,"No. 115, Zhongzheng St., Qingshui Dist., Taichung City",04-26222021,24.26364 120.56918,Y
2230,沙鹿,Shalu,沙鹿,Shalu,臺中市沙鹿區沙鹿里中正街 94 號,"No. 94, Zhongzheng St., Shalu Dist., Taichung City",04-26625057,24.23702 120.55752,Y
2240,龍井,Longjing,龍井,Longjing,臺中市龍井區龍泉里龍新路 1 號,"No. 1, Longxin Rd., Longjing Dist., Taichung City",04-26355578,24.19745 120.54336,Y
2250,大肚,Dadu,大肚,Dadu,臺中市大肚區頂街里平和街 121 號,"No. 121, Pinghe St., Dadu Dist., Taichung City",04-26992523,24.15401 120.54255,Y
2260,追分,Zhuifen,追分,Zhuifen,臺中市大肚區王田里追分街 13 號,"No. 13, Zhuifen St., Dadu Dist., Taichung City",04-26933106,24.12061 120.57014,N
3140,造橋,Zaoqiao,造橋,Zaoqiao,苗栗縣造橋鄉造橋村平仁路 54 號,"No. 54, Pingren Rd., Zaoqiao Township, Miaoli County",037-472030,24.64206 120.86719,N
3150,豐富,Fengfu,豐富,Fengfu,苗栗縣後龍鎮校椅里高鐵一路 66 號,"No. 66, Gaotie 1st Rd., Houlong Township, Miaoli County",037-726700,24.60131 120.82357,Y
3160,苗栗,Miaoli,苗栗,Miaoli,苗栗縣苗栗市上苗里為公路 1 號,"No. 1, Weigong Rd., Miaoli City, Miaoli County",037-260031,24.57002 120.82264,Y
3170,南勢,Nanshi,南勢,Nanshi,苗栗縣苗栗市新英里南勢 39 號,"No. 39, Nanshi, Miaoli City, Miaoli County",037-260031,24.52234 120.79157,N
3180,銅鑼,Tongluo,銅鑼,Tongluo,苗栗縣銅鑼鄉銅鑼村大同路 13 號,"No. 13, Datong Rd., Tongluo Township, Miaoli County",037-983838,24.48648 120.78616,Y
3190,三義,Sanyi,三義,Sanyi,苗栗縣三義鄉雙湖村雙湖 90 號,"No. 90, Shuanghu, Sanyi Township, Miaoli County",037-874763,24.42066 120.77393,Y
3210,泰安,Tai'an,泰安,Tai'an,臺中市后里區泰安里安眉路 37 之 12 號,"No. 37-12, Anmei Rd., Houli Dist., Taichung City",04-25586540,24.33146 120.74181,N
3220,后里,Houli,后里,Houli,臺中市后里區義里里甲后路一段 1 號,"No. 1, Jiahou Rd., Houli Dist., Taichung City",04-25562038,24.30933 120.73288,Y
3230,豐原,Fengyuan,豐原,Fengyuan,臺中市豐原區豐原里中正路 1 號,"No. 1, Zhongzheng Rd., Fengyuan Dist., Taichung City",04-25207950#32,24.25413 120.72291,Y
3240,栗林,Lilin,栗林,Lilin,臺中市潭子區潭豐路二段747號,"No. 747, Section 2, Tanfeng Road, Tanzi Dist., Taichung City",04-25391401,24.23481 120.71069,Y
3250,潭子,Tanzi,潭子,Tanzi,臺中市潭子區中山路二段352-1號,"No. 352-1, Sec. 2, Zhongshan Rd., Tanzi Dist., Taichung City",04-25363852,24.21255 120.70584,Y
3260,頭家厝,Toujiacuo,頭家厝,Toujiacuo,臺中市潭子區頭張東路43巷8號,"No. 8, Ln. 43, Touzhang E. Rd., Tanzi Dist., Taichung City",04-25391426,24.19572 120.70398,N
3270,松竹,Songzhu,松竹,Songzhu,臺中市北屯區舊社里松竹路一段1473巷100號,"No. 100, Ln. 1473, Sec. 1, Songzhu Rd., Taiwan (R.O.C.), Beitun Dist., Taichung City",04-22473033,24.18045 120.70197,Y
3280,太原,Taiyuan,太原,Taiyuan,臺中市北屯區北興里東光路 665 號,"No. 665, Dongguang Rd., Beitun Dist., Taichung City",04-22313926,24.16501 120.69986,Y
3290,精武,Jingwu,精武,Jingwu,臺中市東區東南里東光路 161號,"No. 161, Dongguang Rd., Taiwan (R.O.C.)No. 194, Dongguang Rd., East Dist., Taichung City",04-23606501,24.14928 120.69777,Y
3300,臺中,Taichung,臺中,Taichung,臺中市中區綠川里臺灣大道一段 1 號,"No. 1, Sec. 1, Taiwan Blvd., Central Dist., Taichung City",04-22227236,24.13747 120.68691,Y
3310,五權,Wuquan,五權,Wuquan,臺中市南區建國南路二段201號,"No. 201, Sec. 2, Jianguo S. Rd., Taiwan (R.O.C.), South Dist., Taichung City",04-22601636,24.12894 120.66653,Y
3320,大慶,Daqing,大慶,Daqing,臺中市南區樹德里7鄰大慶街2段130號,"No. 130, Sec. 2, Daqing St., Taiwan (R.O.C.), South Dist., Taichung City",04-22637940,24.11958 120.64871,Y
3330,烏日,Wuri,烏日,Wuri,臺中市烏日區烏日里三民街 258 號,"No. 258, Sanmin St., Wuri Dist., Taichung City",04-23381071,24.10867 120.62244,N
3340,新烏日,Xinwuri,新烏日,Xinwuri,臺中市烏日區三和里高鐵東一路 26 號,"No. 26, Gaotie E. 1st Rd., Wuri Dist., Taichung City",04-23376883,24.10976 120.61429,Y
3350,成功,Chenggong,成功,Chenggong,臺中市烏日區榮泉里中山路三段 550 號,"No. 550, Sec. 3, Zhongshan Rd., Wuri Dist., Taichung City",04-23371986,24.11424 120.59021,Y
3360,彰化,Changhua,彰化,Changhua,彰化縣彰化市長樂里三民路 1 號,"No. 1, Sanmin Rd., Zhanghua City, Changhua County",04-7274218#11,24.08171 120.53828,Y
3370,花壇,Huatan,花壇,Huatan,彰化縣花壇鄉花壇村中正路 370 號,"No. 370, Zhongzheng Rd., Huatan Township, Changhua County",04-7881418,24.02521 120.53759,Y
3380,大村,Dacun,大村,Dacun,彰化縣大村鄉過溝村福進路 100 號,"No. 100, Fujin Rd., Dacun Township, Changhua County",04-8525148,23.99003 120.56068,N
3390,員林,Yuanlin,員林,Yuanlin,彰化縣員林市和平里民權街 55 號,"No. 55, Minquan St., Yuanlin City, Changhua County",04-8320544#15,23.95933 120.56995,Y
3400,永靖,Yongjing,永靖,Yongjing,彰化縣永靖鄉崙子村永崙路 25 號,"No. 25, Yonglun Rd., Yongjing Township, Changhua County",04-8320544#15,23.92811 120.57165,N
3410,社頭,Shetou,社頭,Shetou,彰化縣社頭鄉廣興村社站路 10 號,"No. 10, Shezhan Rd., Shetou Township, Changhua County",04-8711646,23.89571 120.58082,Y
3420,田中,Tianzhong,田中,Tianzhong,彰化縣田中鎮中路里中州路一段 1 號,"No. 1, Sec. 1, Zhongzhou Rd., Tianzhong Township, Changhua County",04-8742142,23.85827 120.59121,Y
3430,二水,Ershui,二水,Ershui,彰化縣二水鄉光化村光文路 1 號,"No. 1, Guangwen Rd., Ershui Township, Changhua County",04-8792027,23.81321 120.61805,Y
3431,源泉,Yuanquan,源泉,Yuanquan,彰化縣二水鄉合興村英義路 (無站房),"Yingyi Rd. (No Station Building), Ershui Township, Changhua County",04-8792027,23.79846 120.64208,N
3432,濁水,Zhuoshui,濁水,Zhuoshui,南投縣名間鄉濁水村車站路 15 號,"No. 15, Chezhan Rd., Mingjian Township, Nantou County",049-2735850,23.83467 120.70467,N
3433,龍泉,Longquan,龍泉,Longquan,南投縣集集鎮隘寮村龍泉巷 (無站房),"Longquan Ln. (No Station Building), Jiji Township, Nantou County",04-8792027,23.83521 120.74996,N
3434,集集,Jiji,集集,Jiji,南投縣集集鎮吳厝里民生路 75 號,"No. 75, Minsheng Rd., Jiji Township, Nantou County",049-2762546,23.82653 120.78491,N
3435,水里,Shuili,水里,Shuili,南投縣水里鄉水里村民生路 440 號,"No. 440, Minsheng Rd., Shuili Township, Nantou County",049-2770015,23.81844 120.85333,N
3436,車埕,Checheng,車埕,Checheng,南投縣水里鄉車埕村民權巷 2 號,"No. 2, Minquan Ln., Shuili Township, Nantou County",049-2774749,23.83263 120.86572,N
3450,林內,Linnei,林內,Linnei,雲林縣林內鄉林中村中山路 42 號,"No. 42, Zhongshan Rd., Linnei Township, Yunlin County",05-5892040,23.75967 120.61499,Y
3460,石榴,Shiliu,石榴,Shiliu,雲林縣斗六市榴北里文明路 31 號,"No. 31, Wenming Rd., Douliu City, Yunlin County",05-5332900,23.73167 120.57998,N
3470,斗六,Douliu,斗六,Douliu,雲林縣斗六市信義里民生路 187 號,"No. 187, Minsheng Rd., Douliu City, Yunlin County",05-5332900,23.71157 120.54117,Y
3480,斗南,Dounan,斗南,Dounan,雲林縣斗南鎮南昌里中山路 2 號,"No. 2, Zhongshan Rd., Dounan Township, Yunlin County",05-5972039,23.67302 120.48095,Y
3490,石龜,Shigui,石龜,Shigui,雲林縣斗南鎮石龜里,"Shigui Vil., Dounan Township, Yunlin County",05-5972039,23.63951 120.47106,N
4050,大林,Dalin,大林,Dalin,嘉義縣大林鎮吉林里中山路 2 號,"No. 2, Zhongshan Rd., Dalin Township, Chiayi County",05-2654804,23.60112 120.45585,Y
4060,民雄,Minxiong,民雄,Minxiong,嘉義縣民雄鄉東榮村和平路 2 號,"No. 2, Heping Rd., Minxiong Township, Chiayi County",05-2264272,23.55502 120.43136,Y
4070,嘉北,Jiabei,嘉北,Jiabei,嘉義市 東區後湖里保建街 110 號,"No. 110, Baojian St.,  , Chiayi City",05-2334584,23.49985 120.44852,N
4080,嘉義,Chiayi,嘉義,Chiayi,嘉義市 西區番社里中山路 528 號,"No. 528, Zhongshan Rd.,  , Chiayi City",05-2228904,23.47902 120.44124,Y
4090,水上,Shuishang,水上,Shuishang,嘉義縣水上鄉下寮村鴿溪寮 49 號,"No. 49, Gexiliao, Shuishang Township, Chiayi County",05-2228904,23.43389 120.39961,N
4100,南靖,Nanjing,南靖,Nanjing,嘉義縣水上鄉三鎮村三鎮路 26 號,"No. 26, Sanzhen Rd., Shuishang Township, Chiayi County",05-2601232,23.41346 120.38647,N
4110,後壁,Houbi,後壁,Houbi,臺南市後壁區後壁里後壁 77 號,"No. 77, Houbi, Houbi Dist., Tainan City",06-6872055,23.36626 120.36058,N
4120,新營,Xinying,新營,Xinying,臺南市新營區中營里中山路 1 號,"No. 1, Zhongshan Rd., Xinying Dist., Tainan City",06-6322104,23.30673 120.32307,Y
4130,柳營,Liuying,柳營,Liuying,臺南市柳營區東昇里建國路 1 號,"No. 1, Jianguo Rd., Liuying Dist., Tainan City",06-6226450,23.27762 120.32252,N
4140,林鳳營,Linfengying,林鳳營,Linfengying,臺南市六甲區中社里林鳳營 16 號,"No. 16, Linfengying, Liujia Dist., Tainan City",06-6986086,23.24259 120.32107,N
4150,隆田,Longtian,隆田,Longtian,臺南市官田區隆田里中山路一段 1 號,"No. 1, Sec. 1, Zhongshan Rd., Guantian Dist., Tainan City",06-5791664,23.19271 120.31917,Y
4160,拔林,Balin,拔林,Balin,臺南市官田區拔林里拔子林 83 之 1 號,"No. 83-1, Bazilin, Guantian Dist., Tainan City",06-5791664,23.17287 120.32117,N
4170,善化,Shanhua,善化,Shanhua,臺南市善化區光文里中山路 1 號,"No. 1, Zhongshan Rd., Shanhua Dist., Tainan City",06-5837301,23.13333 120.30653,Y
4180,南科,Nanke,南科,Nanke,臺南市新市區大營里大營 287-300 號,"No. 287-300, Daying, Xinshi Dist., Tainan City",06-5896356,23.10714 120.30175,N
4190,新市,Xinshi,新市,Xinshi,臺南市新市區新和里中華路 1 號,"No. 1, Zhonghua Rd., Xinshi Dist., Tainan City",06-5996911,23.06816 120.29004,Y
4200,永康,Yongkang,永康,Yongkang,臺南市永康區埔園里中山路 459 號,"No. 459, Zhongshan Rd., Yongkang Dist., Tainan City",06-2323305,23.03825 120.25347,Y
4210,大橋,Daqiao,大橋,Daqiao,臺南市永康區西橋里中華路 835 號,"No. 835, Zhonghua Rd., Yongkang Dist., Tainan City",06-3021755,23.01923 120.22429,N
4220,臺南,Tainan,臺南,Tainan,臺南市東區成大里北門路二段 4 號,"No. 4, Sec. 2, Beimen Rd., East Dist., Tainan City",06-2261314,22.99719 120.21249,Y
4250,保安,Bao'an,保安,Bao'an,臺南市仁德區保安里文賢路一段 529 巷 10 號,"No. 10, Ln. 529, Sec. 1, Wenxian Rd., Rende Dist., Tainan City",06-2665988,22.93296 120.23158,Y
4260,仁德,Rende,仁德,Rende,臺南市仁德區保安里永德路 10 號,"No. 10, Yongde Rd., Rende Dist., Tainan City",06-2669383,22.92364 120.24061,N
4270,中洲,Zhongzhou,中洲,Zhongzhou,臺南市仁德區中洲五街236號,"No. 236, Zhongzhou 5th St., Rende Dist., Tainan City",06-2667191,22.90466 120.25286,Y
4271,長榮大學,Chang Jung Christian University,長榮大學,Chang Jung Christian University,臺南市歸仁區大潭里長大路15 號,"No. 15, Changda Rd., Guiren Dist., Tainan City",06-2782615,22.90735 120.27274,N
4272,沙崙,Shalun,沙崙,Shalun,臺南市歸仁區沙崙里歸仁大道 102 號,"No. 102, Guiren Blvd., Guiren Dist., Tainan City",06-3032686,22.92419 120.28635,N
4290,大湖,Dahu,大湖,Dahu,高雄市路竹區甲南里天祐路 24 號,"No. 24, Tianyou Rd., Luzhu Dist., Kaohsiung City",07-6932127,22.87821 120.25384,Y
4300,路竹,Luzhu,路竹,Luzhu,高雄市路竹區竹南里中正路 288 號,"No. 288, Zhongzheng Rd., Luzhu Dist., Kaohsiung City",07-6072723,22.85404 120.26619,Y
4310,岡山,Gangshan,岡山,Gangshan,高雄市岡山區碧紅里岡燕路 111 號,"No. 111, Gangyan Rd., Gangshan Dist., Kaohsiung City",07-6212074,22.79221 120.29984,Y
4320,橋頭,Qiaotou,橋頭,Qiaotou,高雄市橋頭區橋頭里站前街 14 號,"No. 14, Zhanqian St., Qiaotou Dist., Kaohsiung City",07-6115424,22.76098 120.31011,Y
4330,楠梓,Nanzi,楠梓,Nanzi,高雄市楠梓區惠楠里建楠路 229 號,"No. 229, Jiannan Rd., Nanzi Dist., Kaohsiung City",07-3510175,22.72717 120.32453,Y
4340,新左營,Xinzuoying,新左營,Xinzuoying,高雄市左營區尾北里站前北路 1 號,"No. 1, Zhanqian N. Rd., Zuoying Dist., Kaohsiung City",07-5887825,22.68754 120.30678,Y
4350,左營,Zuoying,左營,Zuoying,高雄市左營區翠華路1050號地下1層,"B1F., No. 1050, Cuihua Rd, Zuoying Dist., Kaohsiung City",07-5887835,22.67557 120.29555,N
4360,內惟,Neiwei,內惟,Neiwei,高雄市鼓山區翠華路500號地下1層,"B1F., No. 500, Cuihua Rd., Gushan Dist., Kaohsiung City",07-5886119,22.66607 120.28738,N
4370,美術館,Museum of Fine Arts,美術館,Museum of Fine Arts,高雄市鼓山區翠華路246號,"No.246, Cuihua Rd., Gushan Dist., Kaohsiung City",07-5215147,22.65298 120.28163,Y
4380,鼓山,Gushan,鼓山,Gushan,高雄市鼓山區鐵路街20巷6號,"No.6, Ln. 20, Railway St., Gushan Dist., Kaohsiung City",07-5217014,22.64169 120.28071,N
4390,三塊厝,Sankuaicuo,三塊厝,Sankuaicuo,高雄市三民區德北里6鄰康平街1號,"No.1, Kangping St., Sanmin Dist., Kaohsiung City",07-2856234,22.63901 120.29381,N
4400,高雄,Kaohsiung,高雄,Kaohsiung,高雄市三民區港西里建國二路 318 號,"No. 318, Jianguo 2nd Rd., Sanmin Dist., Kaohsiung City",07-2352376,22.63801 120.30313,Y
4410,民族,Minzu,民族,Minzu,高雄市三民區博惠里14鄰凱旋一路260號,"No.260, Kaisyuan 1st Rd., Sanmin Dist., Kaohsiung City",07-2231492,22.63881 120.31479,N
4420,科工館,Science And Technology Museum,科工館,Science And Technology Museum,高雄市三民區寶盛里15鄰大順三路307號,"No. 307, Dashun 3rd Rd., Sanmin Dist., Kaohsiung City",07-2234778,22.63702 120.32663,N
4430,正義,Zhengyi,正義,Zhengyi,高雄市苓雅區建軍里正義路 308 號 B1,", Lingya Dist., Kaohsiung City",07-7999818,22.63425 120.34245,N
4440,鳳山,Fongshan,鳳山,Fongshan,高雄市鳳山區曹公里曹公路 137 號,"No. 137, Caogong Rd., Fengshan Dist., Kaohsiung City",07-7460423,22.63131 120.35746,Y
4450,後庄,Houzhuang,後庄,Houzhuang,高雄市大寮區後庄里民慶街 9 號,"No. 9, Minqing St., Daliao Dist., Kaohsiung City",07-7020149,22.64013 120.39132,N
4460,九曲堂,Jiuqutang,九曲堂,Jiuqutang,高雄市大樹區久堂里久堂路鐵路巷 15 號,"No. 15, Railway Ln., Jiutang Rd., Dashu Dist., Kaohsiung City",07-6512020,22.65658 120.42072,Y
4470,六塊厝,Liukuaicuo,六塊厝,Liukuaicuo,屏東縣屏東市長安里光復路 392 號,"No. 392, Guangfu Rd., Pingdong City, Pingtung County",08-7515140,22.66619 120.46491,N
5000,屏東,Pingtung,屏東,Pingtung,屏東縣屏東市擇仁里公勇路 62 號,"No. 62, Gongyong Rd., Pingdong City, Pingtung County",08-7515140,22.66961 120.48627,Y
5010,歸來,Guilai,歸來,Guilai,屏東縣屏東市歸來里歸仁路 5 之 4 號,"No. 5-4, Guiren Rd., Pingdong City, Pingtung County",08-7515140,22.65214 120.50294,N
5020,麟洛,Linluo,麟洛,Linluo,屏東縣麟洛鄉田道村中華路站前巷 15 號,"No. 15, Zhanqian Ln., Zhonghua Rd., Linluo Township, Pingtung County",08-7515140,22.63478 120.51446,N
5030,西勢,Xishi,西勢,Xishi,屏東縣竹田鄉西勢村西豐路 2 號,"No. 2, Xifeng Rd., Zhutian Township, Pingtung County",08-7784521,22.61661 120.52677,Y
5040,竹田,Zhutian,竹田,Zhutian,屏東縣竹田鄉履豐村豐明路29 號,"No. 27-1, Fengming Rd., Zhutian Township, Pingtung County",08-7711002,22.58648 120.54009,N
5050,潮州,Chaozhou,潮州,Chaozhou,屏東縣潮州鎮新榮里信義路 111 號,"No. 111, Xinyi Rd., Chaozhou Township, Pingtung County",08-7882739,22.55007 120.53662,Y
5060,崁頂,Kanding,崁頂,Kanding,屏東縣崁頂鄉崁頂村中正路 122 號,"No. 122, Zhongzheng Rd., Kanding Township, Pingtung County",08-7882739,22.51311 120.51481,N
5070,南州,Nanzhou,南州,Nanzhou,屏東縣南州鄉仁里村仁里路 86 號,"No. 86, Renli Rd., Nanzhou Township, Pingtung County",08-8642942,22.45793 120.51122,Y
5080,鎮安,Zhen'an,鎮安,Zhen'an,屏東縣林邊鄉鎮安村永和路 4 號,"No. 4, Yonghe Rd., Linbian Township, Pingtung County",08-8642942,22.45794 120.51151,N
5090,林邊,Linbian,林邊,Linbian,屏東縣林邊鄉仁和村仁愛路 33 號,"No. 33, Ren’ai Rd., Linbian Township, Pingtung County",08-8751475,22.43141 120.51538,Y
5100,佳冬,Jiadong,佳冬,Jiadong,屏東縣佳冬鄉六根村復興路21號,"No. 21, Fuxing Rd., Jiadong Township, Pingtung County",08-8662939,22.41416 120.54782,N
5110,東海,Donghai,東海,Donghai,屏東縣枋寮鄉東海村西安路 92 號,"No. 92, Xi’an Rd., Fangliao Township, Pingtung County",08-8782041,22.39903 120.57252,N
5120,枋寮,Fangliao,枋寮,Fangliao,屏東縣枋寮鄉枋寮村儲運路 18 號,"No. 18, Chuyun Rd., Fangliao Township, Pingtung County",08-8782041,22.36786 120.59501,Y
5130,加祿,Jialu,加祿,Jialu,屏東縣枋山鄉加祿村會社 53 號,"No. 53, Huishe, Fangshan Township, Pingtung County",08-8720791,22.33085 120.62445,Y
5140,內獅,Neishi,內獅,Neishi,屏東縣枋山鄉加祿村南和 43 號,"No. 43, Nanhe, Fangshan Township, Pingtung County",08-8720791,22.30615 120.64322,N
5160,枋山,Fangshan,枋山,Fangshan,屏東縣獅子鄉內獅村內獅巷 84 號,"No. 84, Neishi Ln., Shizi Township, Pingtung County",08-8720791,22.26677 120.65968,N
5170,枋野,Fangye,枋野,Fangye,屏東縣獅子鄉內獅村內獅巷 88 號,"No. 88, Neishi Ln., Shizi Township, Pingtung County",08-8761953,22.28091 120.71709,N
5190,大武,Dawu,大武,Dawu,臺東縣大武鄉大鳥村和平部落 33 號,"No. 33, Ku Shu Shu, Dawu Township, Taitung County",089-792056,22.36537 120.90091,Y
5200,瀧溪,Longxi,瀧溪,Longxi,臺東縣太麻里鄉多良村大溪 37 號,"No. 37, Daxi, Taimali Township, Taitung County",089-761482,22.46102 120.94176,Y
5210,金崙,Jinlun,金崙,Jinlun,臺東縣太麻里鄉金崙村金崙 47 之 17 號,"No. 47-17, Jinlun, Taimali Township, Taitung County",089-771068,22.53161 120.96721,Y
5220,太麻里,Taimali,太麻里,Taimali,臺東縣太麻里鄉大王村站前路 2 號,"No. 2, Zhanqian Rd., Taimali Township, Taitung County",089-781544,22.61879 121.00505,Y
5230,知本,Zhiben,知本,Zhiben,臺東縣臺東市知本里知本路二段 900 巷 85 號,"No. 85, Ln. 900, Sec. 2, Zhiben Rd., Taidong City, Taitung County",089-514482,22.71023 121.06059,Y
5240,康樂,Kangle,康樂,Kangle,臺東縣臺東市康樂里博物館路 51 巷 131 號,"No. 131, Ln. 51, Museum Rd., Taidong City, Taitung County",089-383107,22.76406 121.09338,N
5998,南方小站,South,南方小站,South,屏東縣潮州鎮光復路 461 號,", Chaozhou Township, Pingtung County",,22.52755 120.53658,N
5999,潮州基地,Chaozhou Railway Workshop,潮州基地,Chaozhou Railway Workshop,屏東縣潮州鎮光春里光復路 616 號,"No. 616, Guangfu Rd., Chaozhou Township, Pingtung County",08-7889880,22.52231 120.52642,N
6000,臺東,Taitung,臺東,Taitung,臺東縣臺東市岩灣里岩灣路 101 巷 598 號,"No. 598, Ln. 101, Yanwan Rd., Taidong City, Taitung County",089-229687,22.79375 121.12326,Y
6010,山里,Shanli,山里,Shanli,臺東縣卑南鄉嘉豐村山里路 108 號,"No. 108, Shanli Rd., Beinan Township, Taitung County",089-572370,22.86194 121.13778,N
6020,鹿野,Luye,鹿野,Luye,臺東縣鹿野鄉鹿野村中正路 38 號,"No. 38, Zhongzheng Rd., Luye Township, Taitung County",089-550217,22.91251 121.13696,Y
6030,瑞源,Ruiyuan,瑞源,Ruiyuan,臺東縣鹿野鄉瑞源村瑞景路一段 336 巷 8 號 之 1,"No. 8-1, Ln. 336, Sec. 1, Ruijing Rd., Luye Township, Taitung County",089-580159,22.95613 121.15902,Y
6040,瑞和,Ruihe,瑞和,Ruihe,臺東縣鹿野鄉瑞和村瑞景路三段 1 之 1 號,"No. 1-1, Sec. 3, Ruijing Rd., Luye Township, Taitung County",089-580159,22.98001 121.15573,N
6050,關山,Guanshan,關山,Guanshan,臺東縣關山鎮里壠里博愛路 2 號,"No. 2, Bo’ai Rd., Guanshan Township, Taitung County",089-811033,23.04564 121.16441,Y
6060,海端,Haiduan,海端,Haiduan,臺東縣關山鎮德高里西莊 49 號,"No. 49, Xizhuang, Guanshan Township, Taitung County",089-811033,23.10292 121.17676,N
6070,池上,Chishang,池上,Chishang,臺東縣池上鄉福文村鐵花路 30 號,"No. 30, Tiehua Rd., Chishang Township, Taitung County",089-862097,23.12605 121.21956,Y
6080,富里,Fuli,富里,Fuli,花蓮縣富里鄉富里村車站街 56 號,"No. 56, Chezhan St., Fuli Township, Hualien County",03-8831771,23.17935 121.24864,Y
6090,東竹,Dongzhu,東竹,Dongzhu,花蓮縣富里鄉新興村新興 26 號,"No. 26, Xinxing, Fuli Township, Hualien County",03-8821504,23.22612 121.27844,Y
6100,東里,Dongli,東里,Dongli,花蓮縣富里鄉東里村大莊路 15 之 6 號,"No. 15-6, Dazhuang Rd., Fuli Township, Hualien County",03-8861005,23.27233 121.30425,Y
6110,玉里,Yuli,玉里,Yuli,花蓮縣玉里鎮中城里康樂街 39 號,"No. 39, Kangle St., Yuli Township, Hualien County",03-8882020,23.33161 121.31181,Y
6120,三民,Sanmin,三民,Sanmin,花蓮縣玉里鎮三民里三民 10 號,"No. 10, Sanmin, Yuli Township, Hualien County",03-8841847,23.42463 121.34561,N
6130,瑞穗,Ruisui,瑞穗,Ruisui,花蓮縣瑞穗鄉瑞穗村四維街 13 號,"No. 13, Siwei St., Ruisui Township, Hualien County",03-8875039,23.49739 121.37689,Y
6140,富源,Fuyuan,富源,Fuyuan,花蓮縣瑞穗鄉富源村富源路 2 號,"No. 2, Fuyuan Rd., Ruisui Township, Hualien County",03-8811824,23.58028 121.38003,Y
6150,大富,Dafu,大富,Dafu,花蓮縣光復鄉大富村明德路 1 號,"No. 1, Mingde Rd., Guangfu Township, Hualien County",03-8811824,23.60572 121.38969,N
6160,光復,Guangfu,光復,Guangfu,花蓮縣光復鄉大安村中正路一段 2 之 1 號,"No. 2-1, Sec. 1, Zhongzheng Rd., Guangfu Township, Hualien County",03-8704143,23.66633 121.42125,Y
6170,萬榮,Wanrong,萬榮,Wanrong,花蓮縣鳳林鎮長橋里長德街 17 號,"No. 17, Changde St., Fenglin Township, Hualien County",03-8752175,23.71199 121.41907,Y
6180,鳳林,Fenglin,鳳林,Fenglin,花蓮縣鳳林鎮鳳智里中山路 43 號,"No. 43, Zhongshan Rd., Fenglin Township, Hualien County",03-8762004,23.74625 121.44708,Y
6190,南平,Nanping,南平,Nanping,花蓮縣鳳林鎮南平里自強路 233 號,"No. 233, Ziqiang Rd., Fenglin Township, Hualien County",03-8771597,23.78228 121.45833,Y
6200,林榮新光,Linrong Shin Kong,林榮新光,Linrong Shin Kong,花蓮縣鳳林鎮兆豐路800號,"No. 800, Chaofeng Rd., Fenglin Township, Hualien County",03-8772677,23.80225 121.46205,Y
6210,豐田,Fengtian,豐田,Fengtian,花蓮縣壽豐鄉豐山村站前街 36 號,"No. 36, Zhanqian St., Shoufeng Township, Hualien County",03-8654251,23.84836 121.49619,N
6220,壽豐,Shoufeng,壽豐,Shoufeng,花蓮縣壽豐鄉壽豐村壽山路 1 號,"No. 1, Shoushan Rd., Shoufeng Township, Hualien County",03-8653706,23.86901 121.51064,Y
6230,平和,Pinghe,平和,Pinghe,花蓮縣壽豐鄉平和村平和路 1 號,"No. 1, Pinghe Rd., Shoufeng Township, Hualien County",03-8653706,23.88275 121.52036,N
6240,志學,Zhixue,志學,Zhixue,花蓮縣壽豐鄉志學村中正路 1 號,"No. 1, Zhongzheng Rd., Shoufeng Township, Hualien County",03-8662966,23.90751 121.52947,Y
6250,吉安,Ji'an,吉安,Ji'an,花蓮縣吉安鄉南昌村南昌路1號,"No. 200, Nanchang Rd., Ji`an Township, Hualien County",03-8539423,23.96825 121.58261,Y
7000,花蓮,Hualien,花蓮,Hualien,花蓮縣花蓮市國聯里國聯一路 100 號,"No. 100, Guolian 1st Rd., Hualian City, Hualien County",03-8355941,23.99264 121.60158,Y
7010,北埔,Beipu,北埔,Beipu,花蓮縣新城鄉北埔村自強街 113 號,"No. 113, Ziqiang St., Xincheng Township, Hualien County",03-8263809,24.03251 121.60189,N
7020,景美,Jingmei,景美,Jingmei,花蓮縣秀林鄉景美村加灣 178 之 1 號,"No. 178-1, Jiawan, Xiulin Township, Hualien County",03-8611237,24.09039 121.61103,N
7030,新城,Xincheng,新城,Xincheng,花蓮縣新城鄉新城村新興一路 73 號,"No. 73, Xinxing 1st Rd., Xincheng Township, Hualien County",03-8611237,24.12761 121.64103,Y
7040,崇德,Chongde,崇德,Chongde,花蓮縣秀林鄉崇德村海濱路 96 號,"No. 96, Haibin Rd., Xiulin Township, Hualien County",03-8621365,24.17199 121.65536,Y
7050,和仁,Heren,和仁,Heren,花蓮縣秀林鄉和平村和仁 71 號,"No. 71, Heren, Xiulin Township, Hualien County",03-8681221,24.24219 121.71192,N
7060,和平,Heping,和平,Heping,花蓮縣秀林鄉和平村和平 276 號,"No. 276, Heping, Xiulin Township, Hualien County",03-8681009,24.29825 121.75322,Y
7070,漢本,Hanben,漢本,Hanben,宜蘭縣南澳鄉澳花村蘇花路一段 56 號,"No. 56, Sec. 1, Suhua Rd., Nan`ao Township, Yilan County",03-9985238,24.33542 121.76829,N
7080,武塔,Wuta,武塔,Wuta,宜蘭縣南澳鄉武塔村新溪路 18 號,"No. 18, Xinxi Rd., Nan`ao Township, Yilan County",03-9981971,24.44879 121.77601,N
7090,南澳,Nan'ao,南澳,Nan'ao,宜蘭縣蘇澳鎮南強里大通路 22 號,"No. 22, Datong Rd., Su`ao Township, Yilan County",03-9981971,24.46342 121.80103,Y
7100,東澳,Dong'ao,東澳,Dong'ao,宜蘭縣南澳鄉東岳村東岳路 1 號,"No. 1, Dongyue Rd., Nan`ao Township, Yilan County",03-9986053,24.51828 121.83071,Y
7110,永樂,Yongle,永樂,Yongle,宜蘭縣蘇澳鎮永樂里圳頭路 60 號,"No. 60, Zuntou Rd., Su`ao Township, Yilan County",03-9961889,24.56843 121.84458,N
7120,蘇澳,Su'ao,蘇澳,Su'ao,宜蘭縣蘇澳鎮蘇南里太平路 1 號,"No. 1, Taiping Rd., Su`ao Township, Yilan County",03-9962028,24.59514 121.85144,Y
7130,蘇澳新,Su'aoxin,蘇澳新,Su'aoxin,宜蘭縣蘇澳鎮聖愛里中山路二段 238 號,"No. 238-1, Sec. 2, Zhongshan Rd., Su`ao Township, Yilan County",03-9961004,24.60852 121.82719,Y
7140,新馬,Xinma,新馬,Xinma,宜蘭縣蘇澳鎮新城里中山路二段 322 號,"No. 322, Sec. 2, Zhongshan Rd., Su`ao Township, Yilan County",03-9961004,24.61535 121.82292,N
7150,冬山,Dongshan,冬山,Dongshan,宜蘭縣冬山鄉冬山村中正路 1 號,"No. 1, Zhongzheng Rd., Dongshan Township, Yilan County",03-9594221,24.63642 121.79221,Y
7160,羅東,Luodong,羅東,Luodong,宜蘭縣羅東鎮大新里公正路 2 號,"No. 2, Gongzheng Rd., Luodong Township, Yilan County",03-9542117,24.67795 121.77424,Y
7170,中里,Zhongli_Yilan,中里,Zhongli_Yilan,宜蘭縣五結鄉中興村台興路 10 號,"No. 10, Taixing Rd., Wujie Township, Yilan County",03-9542117,24.69415 121.77526,N
7180,二結,Erjie,二結,Erjie,宜蘭縣五結鄉五結中路三段658巷8號,"No. 8,Lane 658,WuJie Central Rd. Sec.3, Wujie Township, Yilan County",03-9650304,24.70529 121.77411,N
7190,宜蘭,Yilan,宜蘭,Yilan,宜蘭縣宜蘭市和睦里光復路 1 號,"No. 1, Guangfu Rd., Yilan City, Yilan County",03-9323801,24.75462 121.75791,Y
7200,四城,Sicheng,四城,Sicheng,宜蘭縣礁溪鄉吳沙村站前路 24 號,"No. 24, Zhanqian Rd., Jiaoxi Township, Yilan County",03-9282449,24.78684 121.76268,N
7210,礁溪,Jiaoxi,礁溪,Jiaoxi,宜蘭縣礁溪鄉德陽村溫泉路 1 號,"No. 1, Wenquan Rd., Jiaoxi Township, Yilan County",03-9886940,24.82705 121.77523,Y
7220,頂埔,Dingpu,頂埔,Dingpu,宜蘭縣頭城鎮下埔里下埔路 4 之 8 號,"No. 4-8, Xiapu Rd., Toucheng Township, Yilan County",03-9771429,24.84383 121.80918,N
7230,頭城,Toucheng,頭城,Toucheng,宜蘭縣頭城鎮纘祥路 59 號,"No. 59, Zuanxiang Rd., Toucheng Township, Yilan County",03-9771429,24.85898 121.82253,Y
7240,外澳,Wai'ao,外澳,Wai'ao,宜蘭縣頭城鎮濱海路二段 217 號,"No. 217, Sec. 2, Binhai Rd., Toucheng Township, Yilan County",03-9771429,24.88371 121.84576,N
7250,龜山,Guishan,龜山,Guishan,宜蘭縣頭城鎮更新里濱海路三段 261 號,"No. 261, Sec. 3, Binhai Rd., Toucheng Township, Yilan County",03-9770351,24.90508 121.86893,N
7260,大溪,Daxi,大溪,Daxi,宜蘭縣頭城鎮濱海路五段 63 號,"No. 63, Sec. 5, Binhai Rd., Toucheng Township, Yilan County",03-9771429,24.93836 121.88983,N
7270,大里,Dali,大里,Dali,宜蘭縣頭城鎮大里里濱海路六段 326 號,"No. 326, Sec. 6, Binhai Rd., Toucheng Township, Yilan County",03-9781171,24.96688 121.92257,N
7280,石城,Shicheng,石城,Shicheng,宜蘭縣頭城鎮濱海路七段 230 號,"No. 230, Sec. 7, Binhai Rd., Toucheng Township, Yilan County",03-9771429,24.97832 121.94507,N
7290,福隆,Fulong,福隆,Fulong,新北市貢寮區福隆里福隆街 2 號,"No. 2, Fulong St., Gongliao Dist., New Taipei City",02-24991800,25.01598 121.94471,Y
7300,貢寮,Gongliao,貢寮,Gongliao,新北市貢寮區貢寮里朝陽街 33 號,"No. 33, Chaoyang St., Gongliao Dist., New Taipei City",02-24941500,25.02204 121.90872,Y
7310,雙溪,Shuangxi,雙溪,Shuangxi,新北市雙溪區新基里朝陽街 1 號,"No. 1, Chaoyang St., Shuangxi Dist., New Taipei City",02-24932980,25.03861 121.86415,Y
7320,牡丹,Mudan,牡丹,Mudan,新北市雙溪區牡丹里51號,"No. 159, Mudan Rd., Shuangxi Dist., New Taipei City",02-24932980,25.05877 121.84974,N
7330,三貂嶺,Sandiaoling,三貂嶺,Sandiaoling,新北市瑞芳區碩仁里魚寮路 1 號,"No. 1, Yuliao Rd., Ruifang Dist., New Taipei City",02-24977896,25.06555 121.82259,N
7331,大華,Dahua,大華,Dahua,新北市平溪區南山里六分 12 之 1 號,"No. 12-1, Liufen, Pingxi Dist., New Taipei City",02-24972033,25.04993 121.79751,N
7332,十分,Shifen,十分,Shifen,新北市平溪區十分里十分街 51 號,"No. 51, Shifen St., Pingxi Dist., New Taipei City",02-24958307,25.04111 121.77514,N
7333,望古,Wanggu,望古,Wanggu,新北市平溪區望古里 (無站房),"Wanggu Vil. (No Station Building), Pingxi Dist., New Taipei City",02-24972033,25.03445 121.76349,N
7334,嶺腳,Lingjiao,嶺腳,Lingjiao,新北市平溪區嶺腳里嶺腳寮 22 號,"No. 22, Lingjiaoliao, Pingxi Dist., New Taipei City",02-24972033,25.03021 121.74784,N
7335,平溪,Pingxi,平溪,Pingxi,新北市平溪區平溪里中華街 12 號,"No. 12, Zhonghua St., Pingxi Dist., New Taipei City",02-24972033,25.02552 121.73994,N
7336,菁桐,Jingtong,菁桐,Jingtong,新北市平溪區菁桐里菁桐街 52 號,"No. 52, Jingtong St., Pingxi Dist., New Taipei City",02-24972033,25.02384 121.72394,N
7350,猴硐,Houtong,猴硐,Houtong,新北市瑞芳區光復里柴寮路 70 號,"No. 70, Chailiao Rd., Ruifang Dist., New Taipei City",02-24977747,25.08711 121.82741,Y
7360,瑞芳,Ruifang,瑞芳,Ruifang,新北市瑞芳區龍潭里明燈路三段 82 號,"No. 82, Sec. 3, Mingdeng Rd., Ruifang Dist., New Taipei City",02-24972033,25.10861 121.80596,Y
7361,海科館,Haikeguan,海科館,Haikeguan,基隆市中正區長潭里,"Changtan Vil., Zhongzheng Dist., Keelung City",02-24972033,25.13744 121.79987,N
7362,八斗子,Badouzi,八斗子,Badouzi,新北市瑞芳區建基路2段121號隔壁 砂子里省道臺 2 線 (與新北市瑞芳區交界處、無站房),"Provincial Highway 2 (Junction of Ruifang Dist., New Taipei City, No Station Building), Ruifang Dist., New Taipei City",02-24972033,25.13481 121.80411,N
7380,四腳亭,Sijiaoting,四腳亭,Sijiaoting,新北市瑞芳區吉慶里中央路 65 號,"No. 65, Zhongyang Rd., Ruifang Dist., New Taipei City",02-24579346,25.10281 121.76192,N
7390,暖暖,Nuannuan,暖暖,Nuannuan,基隆市暖暖區暖暖里暖暖街 51 號,"No. 66, Nuannuan St., Nuannuan Dist., Keelung City",02-24972033,25.10224 121.74048,N
